{
  "method": "isotonic",
  "x_thresholds": [
    0.20199406147003174,
    0.25756990909576416,
    0.2615318298339844,
    0.29104527831077576,
    0.29113179445266724,
    0.29335418343544006,
    0.2945610582828522,
    0.3930819630622864,
    0.3931726813316345,
    0.3954511284828186,
    0.3956072926521301,
    0.460021048784256,
    0.4604817032814026,
    0.5401513576507568,
    0.5401776432991028,
    0.573884129524231,
    0.5741340517997742,
    0.5817682147026062,
    0.5819952487945557,
    0.5839188694953918,
    0.5839561820030212,
    0.7058048248291016,
    0.7059383988380432,
    0.7079402804374695,
    0.708031952381134,
    0.7874600291252136,
    0.7881306409835815,
    0.8356144428253174,
    0.8389116525650024,
    0.8609229922294617
  ],
  "y_thresholds": [
    0.0,
    0.0,
    0.20833333333333334,
    0.20833333333333334,
    0.3333333333333333,
    0.3333333333333333,
    0.35294117647058826,
    0.35294117647058826,
    0.4,
    0.4,
    0.4583333333333333,
    0.4583333333333333,
    0.550561797752809,
    0.550561797752809,
    0.5625,
    0.5625,
    0.6190476190476191,
    0.6190476190476191,
    0.6666666666666666,
    0.6666666666666666,
    0.6702508960573477,
    0.6702508960573477,
    0.7142857142857143,
    0.7142857142857143,
    0.7402597402597403,
    0.7402597402597403,
    0.8222222222222222,
    0.8222222222222222,
    1.0,
    1.0
  ]
}