{
  "method": "platt",
  "coef": 0.915948396368613,
  "intercept": 0.09947913714052269
}